feature,importance
group_mean,0.6901693202285085
yearsExperience,0.1524826264166634
milesFromMetropolis,0.10451401299950569
group_min,0.015269214155272675
group_std,0.013360634692390537
group_max,0.011826084568476423
group_median,0.010031693390049144
jobType,0.001527189383770955
industry,0.0005911511090935511
major,0.00019282706068773705
degree,2.7756127419220564e-05
companyId,7.4898681620350515e-06
